"table_data","estimate","lower","upper","midp_p_value","fisher_p_value","chi_square_p_value"
"Breakthrough",1.43852598564023,0.786777183428196,2.7516300855435,0.242931443142024,0.29465946813541,0.239628186955001
"Expedited",1.94596936162954,1.12074045345485,3.3803762772745,0.0181861302807627,0.0211615359683312,0.0158601541272216
"Fast track",2.02667552901117,1.10322767974533,3.92111923752842,0.0221453524682507,0.0294556978144768,0.0235297720873217
"Serious conditions",2.03750476655223,1.15036891060767,3.57970043040574,0.0150311859547723,0.0148465415552974,0.0120772790768596
"Priority",2.04983361061072,1.18591120113189,3.57890930005655,0.0101130089356807,0.011684618275905,0.00910912123886478
"Accelerated",8.86595089423029,2.66447841287979,59.1788568951976,3.65234773584966e-05,4.40156069313781e-05,0.000217922979512343
