"table_data","estimate","lower","upper","midp_p_value","fisher_p_value","chi_square_p_value"
"non-Oncology",0.142142337392696,0.0398467626264361,0.382837326999625,2.83827818776672e-05,3.34157924390726e-05,5.23331381038963e-05
"Standard",0.51317036330904,0.181191057248527,1.71062213008374,0.257096058649289,0.213615815966871,0.230772957516211
"Breakthrough",0.916170677502059,0.427087735545635,1.96494899145977,0.820851016052689,0.849805280770774,0.818503571131485
"Orphan",0.961239321248059,0.394890563848623,2.16685775615684,0.926543283142425,1,0.908820321542567
"Fast track",1.47322877973991,0.688648798359582,3.18192334306405,0.316895909048952,0.339224519725442,0.308022702096078
"Priority",1.94867078288227,0.584582639504992,5.51903617753263,0.257096058649289,0.213615815966871,0.230772957516211
"Oncology",7.03510262809982,2.61207549388459,25.0961416709059,2.83827818776672e-05,3.34157924390726e-05,5.23331381038963e-05
"Accelerated",7.38345445384515,2.1215627573155,50.4570092292118,0.000542033871888226,0.000697724513321631,0.00129186578384973
