"table_data","estimate","lower","upper","midp_p_value","fisher_p_value","chi_square_p_value"
"Standard",0.470238810006609,0.228061595800565,0.982886022654037,0.0449784438102151,0.0482359250129781,0.0368958571657643
"non-Expedited",0.535619026204384,0.25104137071651,1.19306499124594,0.123239084553768,0.132402482921642,0.108244058301163
"Breakthrough",1.06886965462768,0.522470704334829,2.25585396059832,0.857139293734973,1,0.847772707060432
"Orphan",1.20317353369596,0.568187784286583,2.47198571447112,0.621462931977259,0.707147071439788,0.622089080677695
"Expedited",1.86694090822892,0.838177305794281,3.98340718561985,0.123239084553768,0.132402482921642,0.108244058301163
"FDA programs",1.88557804660838,0.767425893075867,4.30129080281121,0.15962361883849,0.148572578034765,0.140080273769606
"Priority",2.12658673964839,1.0174119653261,4.38478033309246,0.0449784438102152,0.0482359250129781,0.0368958571657644
"Fast track",2.25904427038596,1.06439897596903,5.16443478239277,0.0333424299543812,0.0461772572609751,0.0332436256690375
"Accelerated",6.89468353867209,2.00502533224138,46.8374042893637,0.000763551634133552,0.000971965702550286,0.00189185180303608
