"table_data","estimate","lower","upper","midp_p_value","fisher_p_value","chi_square_p_value"
"Breakthrough",0.337471628019305,0.0120559060688939,2.54182732069045,0.318336238304635,0.382059485215895,0.269567617886257
"non-Expedited",0.359938993379175,0.0434647518212749,10.5969668254486,0.461643739978583,0.393783338211899,0.401866220903381
"Standard",0.682131072420986,0.0870800989624282,19.5120735797396,0.764570241686827,0.586587707334891,0.796698274284646
"Accelerated",1.46162893796438,0.213974137373556,13.0134570122295,0.696345936977459,1,0.662358852559057
"Priority",1.46599702109222,0.0512503192402033,11.4836801050428,0.764570241686827,0.586587707334892,0.796698274284646
"FDA programs",1.46599702109222,0.0512503192402033,11.4836801050428,0.764570241686827,0.586587707334892,0.796698274284646
"Expedited",2.77819700045362,0.0943666255138704,23.0071485076452,0.461643739978583,0.393783338211899,0.401866220903381
"Fast track",2.96317410021069,0.393417755746036,82.9468970880695,0.318336238304635,0.382059485215895,0.269567617886257
