"table_data","estimate","lower","upper","midp_p_value","fisher_p_value","chi_square_p_value"
"Breakthrough",1.36531144392443,0.744490689781432,2.61726895832221,0.3208407063394,0.364648429131454,0.315286217017283
"Orphan",1.63103751243611,0.938052553091669,2.87172856963831,0.0831964566203811,0.0936762138823144,0.0805269342183653
"Fast track",1.92320438711215,1.04391480661551,3.72843140804661,0.0355246357162655,0.0406642735194484,0.0369531188056098
"Expedited",1.93337938586873,1.10626325287134,3.38010901971117,0.0207977823082848,0.0205203614770933,0.0181995876423802
"Priority",2.06119044701248,1.18455573998144,3.62511210030916,0.0104487387961609,0.0109740494963229,0.00939829224301773
"FDA programs",2.14727804208859,1.21336463528834,3.7812889409192,0.00896629375314628,0.00951119497040065,0.00697890539710944
"Severe",2.58189149613995,1.20052589777686,5.34508033678942,0.0161859931650508,0.0145569274837325,0.0095204326036261
"Accelerated",8.50387168103656,2.55304349413373,56.8854004643635,5.84704976573924e-05,7.41352723996167e-05,0.00031236903228559
