"table_data","estimate","lower","upper","midp_p_value","fisher_p_value","chi_square_p_value"
"Fast track",0.703264951417109,0.124225583454032,6.05935224048939,0.714892992073902,0.658266684604087,0.719678007185992
"Standard",0.722934790885969,0.0899051742118757,3.47725527068608,0.707448364471371,1,0.659206664206727
"non-Expedited",0.79863981141947,0.149723570783285,3.24827175261446,0.76500201276701,1,0.73039567690429
"Expedited",1.25212879614964,0.307856015801363,6.67897509235491,0.76500201276701,1,0.73039567690429
"Priority",1.38324613081455,0.28758314306982,11.1228303461527,0.707448364471371,1,0.659206664206727
"FDA programs",1.55422733221338,0.389296212308458,8.20903093658213,0.548917449560011,0.7331315856476,0.514730752003942
"Orphan",1.74742897674351,0.249501023263625,48.6170372976249,0.619626341102478,1,0.549740781382105
