"table_data","estimate","lower","upper","midp_p_value","fisher_p_value","chi_square_p_value"
"Breakthrough",1.36531144392443,0.744490689781432,2.61726895832221,0.3208407063394,0.364648429131454,0.315286217017283
"Fast track",1.92320438711215,1.04391480661551,3.72843140804661,0.0355246357162655,0.0406642735194484,0.0369531188056098
"Serious conditions",1.99697858613819,1.11937598794972,3.53023474616481,0.0195497131918574,0.0204727784915399,0.015965751226905
"Priority",2.06119044701248,1.18455573998144,3.62511210030916,0.0104487387961609,0.0109740494963229,0.00939829224301773
"Accelerated",8.50387168103656,2.55304349413373,56.8854004643635,5.84704976573924e-05,7.41352723996167e-05,0.00031236903228559
