"table_data","estimate","lower","upper","midp_p_value","fisher_p_value","chi_square_p_value"
"Priority",1.35473180059583,0.742587822696617,2.51386256711966,0.324307113700221,0.363431181530755,0.318691979990067
"Breakthrough",0.96386123800041,0.464264868535627,2.13575507967654,0.924207081994362,1,0.939348434386448
"Orphan",1.27220783881915,0.691185906347472,2.39547468852622,0.442814327963842,0.537168591153463,0.435821277251335
"Small molecule",0.7860436493927,0.417453795187139,1.446788759459,0.442814327963842,0.537168591153463,0.435821277251335
"Antibody",1.00870220986812,0.475300933546022,2.30868460617497,0.982705363891784,1,0.964421764681811
"Protein (Enzyme)",1.26202881335613,0.566958584333648,3.12875193511379,0.582479981084671,0.686036888431171,0.563047085916431
"Oligonucleotide",1.58343265292327,0.401735132801207,11.4413964857558,0.547755507737691,0.738097270803492,0.503489495360549
